is_correct,q_difficulty,q_date,dollar_value,clue_char_len,seconds_to_answer,category,insert_date
False,5,2022,1000,127,27.85,THAT '70s  OR '80s SHOW,2023-03-01 11:59:03.912126
False,4,1998,1600,78,27.77,"""GO"" FOR IT",2023-03-01 11:59:35.777156
True,3,2018,600,89,8.9,VIRUSES,2023-03-01 11:59:50.907050
False,3,2009,1200,127,12.05,WHERE AM I?,2023-03-01 12:22:55.069004
True,5,2014,1000,54,12.45,"& I KNOW ""IT""",2023-03-01 12:23:12.916907
False,4,2011,800,15,15.31,TV TITLE ROLE PLAYING,2023-03-01 12:23:35.536013
False,3,2017,1200,63,34.16,SHAKESPEARE IN THE PARK,2023-03-01 12:24:14.530032
True,1,1984,200,25,22.08,TRIOS,2023-03-01 12:24:41.708182
False,4,2018,800,85,32.48,PLAYING POLITICS,2023-03-01 12:25:25.753845
True,3,2004,600,100,16.49,FRUITS & VEGETABLES,2023-03-01 12:25:48.745887
True,3,2006,1200,87,9.26,ITALIAN,2023-03-01 12:26:04.505873
False,5,2000,1000,100,36.83,TAX TIME,2023-03-01 12:26:49.329786
False,1,1996,400,99,13.56,MYTHOLOGY,2023-03-01 12:27:06.668242
True,5,1993,1000,102,12.59,SPORTS,2023-03-01 12:28:46.981581
True,3,2019,1200,65,13.14,"FROM ""C"" TO SHINING ""C""",2023-03-01 12:29:10.756877
False,4,2018,1600,61,19.57,MOVIE REMAKES,2023-03-01 12:29:40.047683
True,5,1998,1000,66,14.52,MILITARY UNITS,2023-03-01 12:29:58.576397
False,4,2019,1600,57,15.78,21st CENTURY EUROPEAN LEADERS,2023-03-01 12:30:22.595160
True,3,2014,1200,56,33.81,Z FOOD IS READY,2023-03-01 12:31:01.845827
False,4,2011,800,106,25.31,THE FRANKS,2023-03-01 12:36:31.836621
False,1,2018,200,63,8.05,MOUNTAINS,2023-03-01 12:36:44.791358
True,5,2021,1000,123,13.57,3-SYLLABLE VERBS,2023-03-01 12:37:04.320390
True,3,1991,1200,97,19.55,MATHEMATICS,2023-03-01 12:37:28.907948
True,4,2010,1600,82,10.12,HOMOPHONES,2023-03-01 12:37:52.855079
False,5,2010,2000,66,25.84,"MEASURE THIS, TREBEK!",2023-03-01 12:40:58.027744
False,2,2022,800,104,133.17,ON THE MEDITERRANEAN,2023-03-01 12:43:20.488747
False,2,2005,800,61,22.51,ROYALTY,2023-03-01 12:44:20.758221
False,5,2019,1000,36,15.54,I APPOINTED THAT SUPREME COURT JUSTICE,2023-03-01 12:44:40.028405
False,1,1997,400,89,26.59,ENGLISH LIT.,2023-03-01 12:45:10.580256
False,4,1990,800,66,23.6,CALIFORNIA CITIES,2023-03-01 12:45:37.585007
True,5,2017,1000,116,48.76,PRESIDENTIAL HOMES,2023-03-01 12:47:23.497798
True,2,2018,400,39,73.72,MOVIE SEQUEL SUBTITLES,2023-03-01 12:48:56.733545
True,2,2001,400,102,15.68,BROWN,2023-03-01 13:40:13.545295
True,2,2009,400,88,13.84,SU-SU-SUSHI-O,2023-03-01 13:51:10.844359
False,4,2021,800,83,27.99,LEMME PITCH THAT FOR YOU,2023-03-01 14:05:18.845209
False,2,2016,400,81,9.66,GEEK OUT,2023-03-01 14:05:33.838833
False,2,2014,400,70,67.21,6-LETTER BIBLE BOOKS,2023-03-01 14:06:47.374566
True,2,2008,400,70,10.46,THE CONTINENT...,2023-03-01 14:07:04.036968
True,2,1997,800,94,17.11,KNIGHTS,2023-03-01 14:07:26.090897
False,1,2004,400,53,8.99,"THE ""HOT"" SEAT",2023-03-01 14:08:03.728612
True,5,2019,1000,63,5.9,SEND ME A LETTER,2023-03-01 14:08:14.819955
True,2,2018,800,103,4.98,A LIGHT CATEGORY,2023-03-01 14:08:25.640322
True,2,1994,800,96,7.6,BRITISH HISTORY,2023-03-01 14:51:21.873587
True,3,1985,600,95,8.04,MOVIE COMPOSERS,2023-03-01 15:01:10.670787
True,4,2014,800,48,30.43,THEIR FIRST SOLO ALBUM,2023-03-01 15:01:44.331949
False,2,2003,800,91,14.58,DOUBLIN',2023-03-01 15:02:07.008205
False,1,1991,200,71,18.16,EUROPE,2023-03-01 15:02:27.740234
False,4,2015,800,89,16.19,OLD SCHOOL HIP-HOP,2023-03-01 15:02:47.407202
False,5,2007,2000,111,37.93,OTHER BRITISH ISLES,2023-03-01 15:39:10.602989
False,5,2014,1000,90,21.96,BRAND NAMES,2023-03-01 15:39:42.591314
False,2,1999,800,96,26.91,FILM BIOGRAPHIES,2023-03-01 15:40:14.337798
False,4,1990,1600,91,38.65,IMPRISONED AUTHORS,2023-03-01 15:40:58.858980
True,4,2009,1600,79,78.86,4 Es FOR THEE,2023-03-01 15:42:20.679920
True,3,2000,600,54,23.23,IN OTHER WORDS...,2023-03-01 15:42:52.777883
True,3,1992,600,95,16.67,'50s ROCK LYRICS,2023-03-01 15:44:15.817552
False,4,2002,1600,83,20.46,STATES OF THE UNION,2023-03-01 15:44:41.765725
False,4,2014,800,115,24.62,ELEMENTS OF THE FAIRY TALE,2023-03-01 15:45:49.200504
False,4,2018,1600,78,23.94,POLITICAL PHILOSOPHY,2023-03-01 15:46:19.118058
False,1,2017,200,107,17.14,CAKE TALK,2023-03-01 15:46:40.710041
False,2,2007,400,104,21.02,THIS CATEGORY IS FULL OF BEANS,2023-03-01 15:47:16.491795
True,1,2019,200,27,13.84,THE HIGHEST CAPITAL CITY,2023-03-01 15:47:35.398365
False,2,1988,400,72,47.41,ODD JOBS,2023-03-01 15:48:28.711688
False,3,1990,600,82,8.17,BEER,2023-03-01 15:48:42.883203
True,3,2007,1200,51,10.25,NCAA TEAM NAME'S THE SAME,2023-03-01 15:48:58.399480
False,3,2022,1200,101,22.93,PUBLISHED POSTHUMOUSLY,2023-03-01 15:49:26.919283
False,2,1997,400,91,21.49,EASY HISTORY,2023-03-01 15:49:51.587876
True,2,2000,400,74,8.92,SPRING,2023-03-01 15:50:07.989735
False,4,2012,1600,115,25.79,EVERYONE'S AN ART CRITIC,2023-03-01 15:50:36.880634
False,1,2016,200,69,76.84,"""E-T-C""",2023-03-01 15:51:58.280679
True,5,2014,2000,75,39.35,2-WORD SCIENCE TERMS,2023-03-01 15:52:46.593869
True,1,2016,400,47,5.41,"THE ""AMERICAN""S",2023-03-01 15:53:01.449623
False,1,2013,200,111,16.22,TV THROUGH THE YEARS,2023-03-01 15:53:22.082720
True,5,1996,1000,89,20.52,COOKING,2023-03-01 15:53:47.833882
False,5,1987,1000,83,9.62,AFRICA,2023-03-01 15:54:00.677182
True,1,2003,200,56,77.01,"""L.P.""s",2023-03-01 15:55:20.728027
False,5,2013,1000,41,16.14,WHERE IS IT?,2023-03-01 15:55:50.364074
True,1,2009,200,108,66.17,STATES THAT END IN HAMPSHIRE,2023-03-02 11:01:28.592730
False,3,2001,1200,33,7.91,FONTS OF INFORMATION,2023-03-02 11:04:19.604512
False,3,1998,1200,88,10.8,"THAT'S ANCIENT HISTORY, MAN",2023-03-02 11:04:41.908879
False,1,2007,200,75,25.37,GETTING AROUND THE CITY,2023-03-02 11:05:13.084406
False,3,2005,600,107,11.33,SPORTS LEGENDS,2023-03-02 11:05:28.646161
True,3,1999,600,83,25.71,U.S. CITIES,2023-03-02 11:05:58.452934
True,1,2022,400,295,37.94,THE NUREMBERG TRIALS,2023-03-02 11:06:47.862824
False,4,1996,1600,82,43.03,NARRATORS,2023-03-02 11:07:41.355053
False,4,1997,1600,77,97.85,THE SILVER SCREEN,2023-03-02 11:09:25.644826
True,5,2010,1000,79,48.66,WHATEVER,2023-03-02 11:10:20.399884
False,5,2015,1000,98,22.29,LIFESTYLES,2023-03-02 11:10:54.101703
False,4,2013,1600,91,20.4,AMERICAN HISTORY,2023-03-02 11:11:18.771567
False,3,2011,600,31,16.98,THE LAST BATTLE,2023-03-02 11:11:41.754308
False,2,1997,800,90,15.14,IT CAME FROM SEATTLE,2023-03-02 11:12:01.085232
False,2,1989,800,80,12.62,RIVERS,2023-03-02 11:12:19.481064
True,5,2016,1000,74,12.47,"""UCK""Y STUFF",2023-03-02 11:12:37.303519
True,1,1998,400,78,13.25,PINPOINTS ON THE MAP,2023-03-02 11:13:01.735592
True,3,2012,1200,100,12.23,AMERICAN HISTORY,2023-03-02 11:13:44.872494
False,2,2018,400,122,13.22,ROALD DAHL,2023-03-02 11:14:15.353966
False,2,2020,400,68,24.6,LIT-POURRI,2023-03-02 11:14:46.028461
True,4,1993,1600,80,7.0,COLLEGES & UNIVERSITIES,2023-03-02 11:15:01.507341
False,1,1996,200,41,27.21,THE HUMAN BODY,2023-03-02 11:15:50.784351
True,5,2006,2000,91,30.67,TEXAS,2023-03-02 11:16:47.643694
True,5,1998,1000,75,30.42,NEW TESTAMENT QUOTES,2023-03-02 11:17:29.189552
True,3,2001,600,80,18.41,WEAPONS OF WAR,2023-03-02 11:18:17.651238
True,3,2021,600,98,10.74,CORPORATE MASCOTS,2023-03-02 11:18:40.762370
False,5,2012,1000,113,22.78,AMERICAN FOOD,2023-03-02 11:19:09.612813
False,5,1988,1000,91,22.97,AUSTRIA,2023-03-02 11:19:37.455586
False,4,2021,800,74,75.27,FATHERS OF INVENTION,2023-03-02 11:20:56.808867
False,3,2002,1200,16,23.36,THEIR LAST TOP 10 HIT,2023-03-02 11:21:26.154270
True,4,1996,1600,84,13.3,GERMAN CUISINE,2023-03-02 11:21:45.348955
False,4,1999,1600,75,26.78,FACTS & FIGURES,2023-03-02 11:22:27.083195
False,2,2000,400,97,26.11,ZACHARY TAYLOR,2023-03-02 11:23:06.957528
False,4,2014,1600,117,15.06,THE DOONESBURY GROUP,2023-03-02 11:23:25.469033
False,5,1988,1000,80,35.36,PATRON SAINTS,2023-03-02 11:24:05.184947
False,4,2009,800,104,12.76,KIDS DON'T REALIZE,2023-03-02 11:24:25.743977
True,2,2002,800,76,5.65,DOUBLE LETTERS,2023-03-02 11:24:37.659811
True,5,1991,1000,55,48.39,COLLEGE DEGREES,2023-03-02 11:25:30.777865
False,4,1989,1600,41,6.12,BRITISH ROYALTY,2023-03-02 11:25:55.227374
True,2,2013,400,90,9.51,A BIBLICAL ANATOMY LESSON,2023-03-02 11:26:08.558085
False,3,1985,1200,67,11.66,NEIGHBORHOODS,2023-03-02 11:26:36.445934
False,3,2004,1200,111,11.95,YE GODS!,2023-03-02 11:27:08.813684
True,4,2005,1600,86,12.49,SPACE TECHNOLOGY,2023-03-02 11:27:27.327743
False,2,1989,800,98,11.33,REAL ESTATE TERMS,2023-03-02 11:27:49.401226
False,3,2002,1200,104,12.45,EUROPEAN HISTORY,2023-03-02 11:28:07.123708
True,3,2019,1200,83,30.4,RAINFORESTS,2023-03-02 11:28:56.255345
False,3,1999,1200,71,25.97,SUITE,2023-03-02 11:30:15.087552
True,3,2015,1200,86,17.82,INTERRED IN THE PANTHEON IN PARIS,2023-03-02 11:30:37.429047
True,2,1990,400,85,41.42,CIVIL WAR GENERALS,2023-03-02 11:33:32.741481
True,1,2009,200,108,15.27,ARE YOU READY FOR SOME FOOSBALL,2023-03-02 11:34:01.793726
False,4,2021,1600,122,9.99,SUN & MOON,2023-03-02 13:16:43.865196
True,1,1996,200,62,23.52,ANIMALS,2023-03-02 13:17:11.346563
True,3,1997,1200,97,9.74,EXPLORERS,2023-03-02 13:28:29.010969
True,2,2005,400,86,9.83,YOU GET THE POWER...,2023-03-02 13:29:13.527078
False,3,2000,600,98,5.96,PUBLISH,2023-03-02 19:20:46.506938
False,1,2010,400,112,14.36,YOU TUBE,2023-03-02 19:21:02.751793
True,4,1987,800,61,7.02,4-LETTER WORDS,2023-03-02 19:21:12.649150
True,2,1999,800,98,7.95,PLAYING AGAINST TYPE,2023-03-02 19:21:24.078801
True,2,2016,800,259,11.09,MICHIGAN HISTORY,2023-03-03 14:38:58.009300
False,5,1996,2000,83,9.32,GRAINS & STAPLES,2023-03-03 14:39:51.000975
False,5,1990,2000,89,8.72,MONARCHS,2023-03-03 15:03:02.726592
False,5,1990,2000,42,9.32,THE HUMAN BODY,2023-03-03 15:32:10.449669
False,4,2000,1600,62,7.53,JEOPARDY! BOOBY TRAPS,2023-03-03 15:32:22.078789
False,4,2016,800,98,55.81,THE CIVIL WAR,2023-03-03 15:34:09.003870
False,5,2010,2000,54,8.75,DOG BREEDS,2023-03-03 17:33:05.972691
False,3,1988,1200,90,11.36,THE 20th CENTURY,2023-03-03 17:33:20.724999
True,5,2008,1000,105,11.44,OPTICAL ALLUSIONS,2023-03-03 17:33:36.613234
False,2,2016,800,31,10.34,THIS IS MY PEOPLE,2023-03-03 17:33:50.845770
True,4,2015,800,44,6.64,CELEBS ON TWITTER,2023-03-03 17:34:03.443441
True,2,2011,400,77,10.27,ANCIENT NAMES FOR MODERN PLACES,2023-03-03 17:34:30.799498
False,5,1988,2000,98,10.92,GERMAN COMPOSERS,2023-03-03 17:34:47.714507
False,2,2009,400,103,20.22,THE JOHN C. FREMONT EXPERIENCE,2023-03-03 17:35:13.329067
False,5,2011,2000,68,11.7,SCHWARZENEGGER,2023-03-03 17:35:30.478107
True,2,2004,400,78,10.03,SOCIAL TYPES,2023-03-03 18:36:47.172206
False,4,2021,1600,105,20.87,SPEAK LIKE A FRENCH CANADIAN,2023-03-03 18:37:12.329326
True,3,1985,1200,84,11.86,MYTHOLOGY,2023-03-03 18:37:28.732449
False,5,2021,1000,112,12.47,BUSINESS NAMES,2023-03-03 18:37:46.702973
True,1,2014,400,64,8.87,SHE'S A GODDESS!,2023-03-03 18:38:00.828165
False,4,2010,1600,61,16.93,NAME THAT SPEAKER,2023-03-03 18:38:23.647539
False,1,2003,200,109,32.44,MISSED IT BY THAT MUCH...,2023-03-03 18:39:00.698835
False,4,2015,1600,72,66.45,"MYTHOLO""G""",2023-03-03 18:40:18.957597
True,2,2020,800,41,14.8,COLORFUL VERBS,2023-03-03 18:43:00.643770
True,3,2014,1200,79,22.01,I'LL BE YOUR TV WAITRESS,2023-03-03 18:43:26.869534
False,3,2014,1200,109,35.31,WE GET LETTERS,2023-03-03 18:44:10.337072
False,2,2015,800,95,3540.77,"MY KIND OF ""TOWN""",2023-03-03 21:14:15.959876
False,3,1995,1200,68,15.79,SEAFARERS,2023-03-03 21:14:39.368086
False,5,2017,1000,78,13.11,ITALIAN FOOD,2023-03-03 21:14:57.320340
False,2,1997,400,72,14.24,EYE,2023-03-03 21:15:17.703045
True,3,2019,600,81,27.22,21st CENTURY TELEVISION,2023-03-04 08:31:25.427733
False,3,2007,600,67,19.52,FUN STUFF,2023-03-04 08:31:56.723258
True,1,1999,200,84,20.53,HAIR CARE,2023-03-04 08:32:21.676875
False,4,2010,800,61,15.5,BOGEY MEN,2023-03-04 08:32:43.013910
False,4,2015,800,68,37.27,MEASURED WORDS,2023-03-04 08:33:24.221592
False,5,1990,2000,83,16.02,SHAKESPEARE,2023-03-04 08:33:44.440935
False,1,1990,200,54,17.76,AMERICAN LITERATURE,2023-03-04 08:34:07.270752
False,4,2015,800,81,17.11,RECENT NONFICTION,2023-03-04 08:34:30.033340
False,1,2003,400,111,33.58,WHAT DOES SHE SEE IN HIM?,2023-03-04 08:35:07.410531
True,1,1998,400,79,15.0,WITH THE GOOD BOOK,2023-03-04 08:35:26.973551
False,4,2021,1600,103,58.5,ABOVE & BEYOND,2023-03-04 08:36:31.072482
False,5,1985,2000,82,9.35,COLLEGES,2023-03-04 08:36:48.888961
False,1,2012,200,49,55.45,NOW GO WRITE THAT NOVEL ALREADY,2023-03-04 08:37:50.325359
False,3,1995,600,69,26.51,1994,2023-03-04 08:39:00.819859
True,4,1986,1600,91,6.21,NATURE,2023-03-04 11:14:13.300731
True,5,2001,1000,60,15.14,AN ARM & A LEG,2023-03-04 11:14:33.378440
False,4,2021,1600,82,27.51,UNPACK YOUR ADJECTIVES,2023-03-04 11:15:04.946065
False,1,2019,200,18,28.13,STATE MOTTOES,2023-03-04 11:15:38.213608
False,1,1998,400,74,10.48,TURNING 40 IN '98,2023-03-04 11:16:13.720204
False,5,2012,1000,91,12.2,GOVERNORS SPEAK,2023-03-04 11:16:32.050014
False,3,1987,600,76,16.26,SHOW BIZ SHELLEYS,2023-03-04 11:16:56.873448
True,4,2008,800,63,12.72,STATE MOTTOES,2023-03-04 11:17:13.347358
False,2,2018,400,69,28.33,"HOT, COLD OR IN BETWEEN",2023-03-04 11:17:47.703197
True,2,2020,800,72,17.0,ANCIENT GREEK & ROMAN ARCHITECTURE,2023-03-04 11:18:14.105076
True,1,2012,200,87,4.99,IT'S THE LAW!,2023-03-04 11:18:42.887449
False,3,1987,600,108,24.96,TRANSPORTATION,2023-03-04 11:19:12.638146
False,4,1986,1600,73,6.87,ACTORS & ROLES,2023-03-04 11:19:27.153435
False,2,2007,400,114,11.97,YE GODS!,2023-03-04 11:19:41.287213
False,5,2021,1000,120,10.04,VICE,2023-03-04 11:23:32.379772
True,2,2020,800,81,377.62,COINS,2023-03-04 11:30:03.417464
False,3,1986,600,86,90.05,"ENDS WITH ""X""",2023-03-04 11:32:01.229063
False,5,1994,1000,98,54.32,BUSINESS & INDUSTRY,2023-03-04 11:33:02.394479
False,3,2022,600,176,46.36,SNEAKERS WITH JACQUES SLADE,2023-03-04 11:33:54.845794
True,4,2008,800,98,54.35,ROLLING STONE'S 100 GREATEST GUITAR SONGS,2023-03-04 11:34:53.480184
False,2,1988,400,115,26.86,FAT MUSIC,2023-03-04 11:35:29.574533
True,1,2016,200,119,27.27,HEALTH & MEDICINE,2023-03-04 11:36:01.596537
True,3,2022,1200,112,26.28,JAPANESE HISTORY,2023-03-04 11:36:35.161268
False,4,2019,800,88,44.6,PITTSBURGH,2023-03-04 11:37:25.519768
True,5,2002,2000,67,22.42,17th CENTURY SCIENCE,2023-03-04 11:37:58.275732
False,4,2005,800,109,38.15,QUOTES FROM THE BATTLE OF THE SEXES,2023-03-04 11:38:56.614696
False,5,1998,1000,94,38.11,SHIPS,2023-03-04 11:39:40.908685
True,3,2017,1200,19,4.16,LOGO ANIMALS,2023-03-04 11:39:49.174064
True,3,1988,1200,88,7.97,"""G.R.""",2023-03-04 11:40:02.468845
False,4,2014,1600,200,37.52,THE TOPIC IS MICROSCOPIC,2023-03-04 11:40:44.348691
False,3,2009,1200,57,31.13,GRAMMY-WINNING COMEDY ALBUMS,2023-03-04 11:41:23.716739
True,1,2008,400,58,40.3,"""B""EOPLE",2023-03-04 11:42:15.906441
True,4,2010,1600,106,24.95,FROM THE LATIN,2023-03-04 11:42:50.799343
True,2,2016,400,69,13.08,DRUGZ,2023-03-04 11:43:11.874824
False,3,2009,1200,121,23.76,IT HAPPENED IN VIRGINIA,2023-03-04 11:43:43.833954
False,4,1999,1600,88,24.38,MARCH,2023-03-04 11:44:36.810573
True,4,2010,1600,67,18.82,INTERNATIONAL SPORTS TROPHIES,2023-03-04 11:45:04.252761
True,1,2011,200,91,31.35,'80s FADS,2023-03-04 11:45:49.607928
True,1,2012,400,70,7.31,ACTOR/,2023-03-04 11:46:06.887283
False,5,1989,1000,44,11.93,"""TOWER""s",2023-03-04 11:46:22.894633
False,1,2010,200,43,54.41,ON THE 1980s MOVIE SOUNDTRACK,2023-03-04 11:47:22.685940
False,5,2004,2000,117,21.88,FAMOUS MEN,2023-03-04 11:47:48.231421
False,1,1998,200,80,12.51,ENDANGERED SPECIES,2023-03-04 11:48:06.539072
True,1,1994,200,40,72.89,STATE SYMBOLS,2023-03-04 11:49:22.406410
True,1,1998,200,31,55.82,"CROSSWORD CLUES ""B""",2023-03-04 11:50:30.431836
True,3,1997,600,100,14.2,U.S. STATES,2023-03-04 17:34:06.656423
True,2,1998,400,100,48.57,THE SUMMER OLYMPICS,2023-03-04 17:35:11.372120
True,1,2014,400,54,9.38,BENS & JERRYS,2023-03-04 17:35:26.904772
False,5,2010,1000,94,21.85,JONAH'S DRUTHERS,2023-03-04 17:36:06.100042
False,3,1989,600,93,9.48,ACTORS & THEIR ROLES,2023-03-04 17:36:38.771972
False,5,2007,1000,32,9.3,YOU'RE IN THIS COUNTRY IF...,2023-03-04 17:36:51.696247
False,4,1986,800,103,353.11,MEDICINE,2023-03-04 17:42:54.089125
False,5,2012,2000,74,32.8,"YOUR DAY IN ""C""OURT",2023-03-04 17:43:34.729145
False,1,2001,400,81,6.98,TV NOSTALGIA,2023-03-04 17:43:47.334734
True,5,1987,1000,97,7.25,SUDDEN DEATH,2023-03-04 17:43:58.359424
False,3,1997,600,102,22.03,DIRECT FROM THE GLOBE,2023-03-04 17:44:24.750201
False,3,1999,600,21,16.06,AUTHORS' RHYME TIME,2023-03-04 17:44:44.383088
False,3,2005,600,102,11.69,FINANCIAL ABBREVIATIONS,2023-03-04 17:45:01.680899
True,2,2017,400,73,20.66,THE JOY OF SLUGS,2023-03-04 17:45:27.586186
False,4,2001,1600,21,13.42,ROBERT REDFORD ROLES,2023-03-04 17:45:46.212003
False,5,2013,2000,99,26.18,ON THE MARQUIS,2023-03-04 17:46:16.775722
True,1,2008,200,87,59.97,"""B"" YOUR BEST",2023-03-04 17:47:21.920028
False,3,1994,600,98,29.48,BUSINESS & INDUSTRY,2023-03-04 17:47:56.395965
False,4,1993,800,76,6.65,ACTORS & THEIR ROLES,2023-03-04 17:48:07.881757
True,2,2009,800,119,34.03,ORGANIZATIONS,2023-03-04 17:48:45.496437
True,4,1994,800,85,23.53,"WASHINGTON, D.C.",2023-03-04 17:49:19.106519
True,4,2003,800,153,22.89,SNOWBOARDING,2023-03-04 17:49:52.019022
True,3,2008,1200,98,32.39,HEAVY EQUIPMENT,2023-03-04 17:50:32.426456
False,4,2005,1600,65,21.82,7 DEADLY SINS,2023-03-04 17:51:18.646357
True,2,1999,400,90,6.04,BODY LANGUAGE,2023-03-04 17:51:29.254924
False,3,2019,1200,78,55.37,"COMIC ""ON""",2023-03-04 17:52:30.383128
False,4,1991,800,87,18.73,BIRDS,2023-03-04 17:52:57.155578
False,3,2003,600,105,37.08,PASTA GLOSSARY,2023-03-04 17:53:37.953530
False,5,1998,1000,97,6.23,HEIR CONDITIONING,2023-03-04 20:52:53.938385
False,4,2009,1600,79,21.48,IT'S OK TO SAY IT BACKWARDS,2023-03-04 20:53:19.235372
False,2,1985,400,81,10.18,BIOLOGY,2023-03-04 20:53:35.208800
True,3,1987,1200,59,6.38,AFRICAN ANIMALS,2023-03-04 20:53:46.953052
False,5,1985,2000,82,7.23,AUTHORS,2023-03-05 08:41:33.675854
True,1,1995,200,73,9.68,MUSIC,2023-03-05 08:42:45.172395
False,4,2007,800,55,12.25,DIVIDED BY A COMMON LANGUAGE,2023-03-05 08:43:03.510262
True,1,1998,200,70,11.83,THE COPS,2023-03-05 08:43:21.024170
False,4,1994,800,89,27.14,ENDANGERED SPECIES,2023-03-05 08:43:53.252946
False,5,1999,2000,61,9.75,CINDERELLA STORIES,2023-03-05 08:44:06.935104
False,5,2005,2000,78,48.27,"IT'S A ""CIN""",2023-03-05 08:45:00.352962
False,5,1993,2000,77,5.75,LITERARY POTPOURRI,2023-03-05 08:45:11.230142
False,5,1997,2000,102,270.59,___ IN THE ___,2023-03-05 08:49:45.127471
False,1,2016,400,54,37.03,ANIMATED MOVIE SONGS,2023-03-05 08:52:39.052674
False,4,2020,1600,113,28.16,BATTLE SHIPS,2023-03-05 08:53:14.422254
False,3,1987,600,103,68.74,CLOTHING,2023-03-05 08:54:28.416180
False,5,2015,2000,173,67.88,EUROPE,2023-03-05 08:55:40.157171
False,4,1999,1600,7,28.56,CAPITAL PUNISHMENT,2023-03-05 08:56:12.634270
False,4,2007,800,90,13.97,SAY YOU WANT A REVOLUTION,2023-03-05 08:56:50.612308
False,5,1988,2000,82,36.33,WORLD CAPITALS,2023-03-05 08:58:31.607739
True,5,1997,2000,82,17.85,LANGUAGES,2023-03-05 08:58:54.068132
True,3,2020,1200,108,9.91,RELIGIOUS FICTION,2023-03-05 13:29:05.648330
False,1,2021,200,77,11.54,FOR YOUR REFERENCE,2023-03-05 13:53:31.050577
False,1,2010,400,110,9.05,MR. ROBINSON,2023-03-05 13:54:02.292522
False,3,2016,600,114,1254.85,INVENTION & INNOVATION,2023-03-05 14:15:03.115739
False,4,2021,1600,106,8.61,AMERICAN LAKES,2023-03-05 14:15:17.660355
True,2,1992,800,77,7.38,MUSIC,2023-03-05 14:15:30.958488
True,4,2020,1600,26,7.43,MOVIES BY MATCHUP,2023-03-05 14:15:43.051426
True,1,2008,200,23,5.37,FIRST NAME'S THE SAME,2023-03-05 14:18:51.820931
True,2,2007,400,37,5.8,THE FEMALE EQUIVALENT,2023-03-05 14:19:03.295356
False,3,1997,1200,17,28.64,CELEBRITY RHYME TIME,2023-03-05 14:19:36.422292
False,2,2021,800,58,61.17,SCI-FI MOVIE SYNOPSES,2023-03-05 15:22:59.630305
False,4,2022,800,122,28.09,THE NAPOLEONIC WARS,2023-03-05 15:23:33.315236
False,3,2018,1200,79,145.04,BANDITS,2023-03-05 15:26:58.096548
False,2,1994,800,101,33.78,NOVELS & NOVELISTS,2023-03-05 15:27:36.215735
False,4,1994,1600,91,20.28,TELEVISION DRAMA,2023-03-05 15:28:02.308934
True,1,2002,400,114,100.4,GREECE,2023-03-05 15:29:46.382505
True,3,2012,1200,91,20.93,GETTING ANIMATED,2023-03-05 15:30:16.435053
False,5,1999,2000,100,57.07,"""MOORE"" OR ""LES""",2023-03-05 15:31:25.173997
False,5,1998,1000,82,30.06,MYTH ME?,2023-03-05 15:32:04.930118
True,1,2011,200,73,14.19,"AN ""A"" PLUS SOME LETTERS",2023-03-05 15:32:24.194897
False,3,2016,600,43,15.46,WHERE IS IT?,2023-03-05 15:32:48.506050
False,4,1994,1600,96,165.7,BLACK AMERICA,2023-03-05 15:35:42.408522
False,1,2008,200,92,64.21,THE WRITE STUFF,2023-03-05 15:36:52.284903
True,5,2018,1000,78,36.22,"INTO THE ""WOOD""S",2023-03-05 15:37:34.260155
False,1,1995,200,99,94.2,PLUMBING,2023-03-05 15:39:23.522700
True,2,1994,400,55,33.39,THE CIRCLE,2023-03-05 15:40:05.915778
False,2,1985,800,44,29.35,"""RIGHT""",2023-03-05 15:40:46.113606
False,5,2008,1000,70,56.29,"""IN""",2023-03-05 15:41:50.819904
False,4,2022,1600,115,56.22,THE NATIONAL LEAGUE,2023-03-05 15:44:48.111965
False,4,2008,800,114,69.2,DO YOU KNOW JACK ABOUT LIT?,2023-03-05 15:46:08.923095
False,2,2016,400,89,43.85,WOMEN AUTHORS,2023-03-05 15:46:58.862797
True,3,2021,600,97,41.63,PLAY TIME IS OVER,2023-03-05 15:47:44.651006
False,5,2019,2000,101,7.68,THAT'S OLD NEWS,2023-03-05 19:17:23.814239
False,1,2001,400,18,2.85,WHO PLAYED 'EM?,2023-03-05 19:17:56.050220
False,2,2008,800,93,11.46,BYPASS,2023-03-05 19:18:10.542909
True,1,1997,400,101,5.82,ANNUAL EVENTS,2023-03-05 19:18:20.595081
False,5,2006,2000,72,5.32,WRITERS ON FILM,2023-03-06 10:41:16.559848
True,1,2017,200,112,11.66,BULLET POINTS,2023-03-06 10:41:34.188743
True,3,2020,1200,116,9.85,SCHOLARSHIP,2023-03-06 10:41:50.163183
False,2,1998,800,96,10.75,APRIL,2023-03-06 10:42:05.950726
False,3,2019,1200,133,13.68,PSYCHOLOGY,2023-03-06 10:42:23.214940
True,2,2019,400,100,9.22,MY LAWN,2023-03-06 10:42:38.527065
False,4,1999,800,80,5.16,CASTING SPELLS,2023-03-06 10:47:40.991714
False,3,2014,1200,108,10.17,INTERNATIONAL FESTIVALS,2023-03-06 10:47:54.857052
True,1,1995,200,61,6.0,TRANSPORTATION,2023-03-06 10:48:04.743140
True,1,1996,200,31,11.23,LETTER PERFECT,2023-03-06 10:48:19.931416
False,5,1988,1000,89,13.95,ADVERTISING,2023-03-06 10:48:38.206188
True,4,2022,800,127,16.44,THANK YOU FOR YOUR SERVICE,2023-03-06 10:49:00.676174
False,5,2011,1000,59,16.33,OFFICIAL BRITISH ROYAL POSTS,2023-03-06 10:49:23.306793
False,5,1998,2000,77,7.85,SEVEN,2023-03-06 10:49:37.241604
True,4,1997,800,38,7.05,THE BIBLE,2023-03-06 10:50:29.112442
True,4,2000,1600,89,5.2,MEASURES OF PEOPLE,2023-03-06 11:06:17.339096
False,2,2021,400,62,26.16,2-LETTER LIT,2023-03-06 11:06:48.207221
False,3,2003,600,111,17.82,STARS OF THE SCREEN,2023-03-06 11:07:12.156642
False,3,2004,600,150,16.5,REPORTING THE NEWS,2023-03-06 11:07:33.110147
False,3,1995,600,79,8.53,BEVERAGES,2023-03-06 11:07:44.425511
False,2,1989,800,106,10.14,ASTRONOMY,2023-03-06 11:07:59.333470
True,2,2000,400,84,14.23,ROADSIDE ATTRACTIONS,2023-03-06 11:08:18.592775
False,1,2009,200,74,13.78,ANN(E)-TASTIC!,2023-03-06 11:49:18.179684
False,1,1996,400,78,45.14,WORLD GEOGRAPHY,2023-03-06 11:50:08.973679
False,5,2020,2000,115,21.98,BRR! IT'S COLD OUT THERE,2023-03-06 11:50:36.992879
False,1,2014,400,88,31.27,1940s TELEVISION,2023-03-06 11:51:19.458066
False,5,1993,2000,96,38.34,RUSSIAN HISTORY,2023-03-06 11:52:03.157480
True,2,1999,400,71,39.24,DID THEY MOVE IT?,2023-03-06 11:52:48.529639
True,1,2008,200,39,6.51,ANIMALS IN ITALIAN,2023-03-06 11:53:03.207150
True,4,1997,800,89,8.47,"PASSING ""NOTE""s",2023-03-06 11:53:20.914927
False,2,2010,400,105,14.86,THE FASTING & THE FURIOUS,2023-03-06 11:53:43.491562
False,4,2012,800,38,26.48,BEST NEW ARTIST GRAMMY,2023-03-06 11:54:15.031843
True,1,2022,200,126,23.33,GAME ON,2023-03-06 11:54:43.313323
True,1,2007,200,103,20.57,TRANSPORTATION,2023-03-06 11:55:12.987166
False,2,2000,800,61,35.84,SHAKESPEARE'S OPENING LINES,2023-03-06 11:55:53.561005
False,4,1989,1600,92,42.55,FAMOUS AMERICANS,2023-03-06 11:56:41.547613
False,3,1991,1200,90,16.56,IN THE NEWS,2023-03-06 11:57:06.649310
True,5,2018,1000,47,13.52,WEIGHTS & MEASURES,2023-03-06 11:57:55.056676
True,1,2021,200,91,14.52,ALSO KNOWN AS,2023-03-06 11:58:22.846103
False,5,2013,1000,126,67.73,LEGENDS OF ROCK,2023-03-06 11:59:37.497276
False,2,2012,400,267,44.83,USS IWO JIMA,2023-03-06 12:00:26.813513
False,1,1989,200,96,73.72,FOREIGN FESTIVALS,2023-03-06 12:01:45.121791
True,3,2015,600,119,26.24,SPEECH!  SPEECH!,2023-03-06 12:02:20.822624
True,2,2013,800,83,11.1,"THAT'S A CLOWN QUESTION, BRO",2023-03-06 12:03:52.679283
True,2,2003,800,103,14.28,BODY LANGUAGE,2023-03-06 15:41:34.236185
True,1,2020,400,68,7.11,MOON ME,2023-03-06 15:41:50.097049
True,3,2013,1200,30,6.41,THE SHOW WITHIN THE SHOW,2023-03-06 15:42:17.615357
False,4,2002,1600,77,16.63,AT,2023-03-06 15:42:40.466713
True,1,2012,200,110,5.96,THE OLD TESTAMENT,2023-03-07 09:38:42.627304
False,2,2022,400,122,29.59,BOOKS FOR YOUNG READERS,2023-03-07 09:39:19.386943
True,3,2017,600,38,5.24,EAST ON THE MAP,2023-03-07 11:19:17.190545
False,2,2022,800,120,17.28,GROUPS IN HISTORY,2023-03-07 11:19:47.125179
False,3,2003,1200,119,19.05,THEY ALL PLAYED SINGERS,2023-03-07 11:20:10.479926
False,3,2002,1200,81,10.19,THOREAU'S WALDEN,2023-03-07 11:20:25.051524
True,2,1996,400,100,8.3,INVENTORS,2023-03-07 11:20:38.784545
True,1,1998,400,66,14.37,FLOWER,2023-03-07 11:21:06.000162
False,3,2022,1200,131,13.35,ASTRONOMY,2023-03-07 11:21:25.136312
True,2,2008,800,83,10.22,VARMINTS,2023-03-07 11:21:41.604570
False,5,2004,2000,145,9.31,ANDREW LLOYD WEBBER,2023-03-07 11:21:56.823244
True,1,1999,400,102,8.83,GENETICS,2023-03-07 11:22:09.060230
False,4,2007,800,107,7.1,THE GIANTS,2023-03-07 11:22:26.405562
True,3,1996,600,74,11.21,INCREDIBLE EDIBLES,2023-03-07 11:22:42.092505
True,1,1999,400,98,4.9,NUTRITION,2023-03-07 11:22:52.728551
True,1,1998,400,93,403.32,ARCHITECTS,2023-03-07 11:29:40.487252
True,1,1998,400,73,9.4,"STARTS & ENDS WITH ""A""",2023-03-07 11:30:22.241883
False,4,2004,800,39,15.82,ALSO A CURRENT SUPREME COURT JUSTICE,2023-03-07 11:30:49.481533
False,1,2021,400,90,32.19,OLD OCCUPATIONS,2023-03-07 11:31:28.370000
True,5,1989,1000,92,21.14,TOYS,2023-03-07 11:31:55.596523
True,3,2009,1200,94,9.27,NATIVE AMERICAN TRIBES,2023-03-07 11:32:47.640738
True,2,2016,800,317,13.08,TIME FOR SPACE,2023-03-07 11:33:06.873297
True,2,2004,400,30,5.51,"""M""-BRACE ME",2023-03-07 11:33:24.716224
False,1,2015,400,86,24.88,ALONG CAME JONES,2023-03-07 11:34:32.614802
False,1,2002,400,67,16.93,NAMES OF THE '80s,2023-03-07 11:34:54.595957
True,4,1989,800,109,19.5,COLLEGE TRIVIA,2023-03-07 11:35:24.445139
True,2,1992,400,80,5.59,BIOLOGY,2023-03-07 11:35:49.036901
False,1,1994,200,68,39.06,FADS & FASHIONS,2023-03-07 11:44:36.441662
False,5,2001,1000,77,62.07,CLICHES OVER THE CELL PHONE,2023-03-07 11:45:50.004332
True,2,2021,800,39,7.42,"CROSSWORD CLUES ""C""",2023-03-07 11:46:06.704570
False,4,2009,1600,105,23.58,JULIE & JULIA,2023-03-07 11:46:39.443156
True,2,2016,400,36,11.09,A HARRY POTTER BESTIARY,2023-03-07 11:46:58.922212
False,2,2010,400,100,18.02,ASTRONOMY & ASTROLOGY,2023-03-07 11:47:23.177493
False,5,1990,2000,91,26.15,LITERARY QUOTES,2023-03-07 11:47:55.484229
False,5,2016,1000,71,44.6,WITH FOAM,2023-03-07 12:51:51.907017
False,1,2002,200,50,2344.94,CRIME RHYME TIME,2023-03-07 13:31:10.090695
False,5,2012,2000,99,73.43,ALLITERATIVE AMERICANS,2023-03-07 13:32:41.387782
False,3,2009,600,52,14.19,HOMOPHONES,2023-03-07 14:00:26.740294
True,2,2009,800,105,15.85,THERE ARE SOME STRINGS ATTACHED,2023-03-07 14:00:47.819283
False,5,2012,2000,82,849.96,GAME SHOWS,2023-03-07 14:16:33.748329
True,5,2009,2000,29,68.6,OVERLAPS,2023-03-07 14:19:39.643329
False,3,2016,600,84,946.58,MAY THE FOURTH BE WITH YOU,2023-03-07 14:37:28.072328
False,1,2017,200,43,51.64,STREAMING EPISODES,2023-03-07 14:39:46.610220
True,3,2004,600,114,20.78,"""O"" YEAH, SURE",2023-03-07 14:40:11.138995
False,3,1995,1200,80,78.95,MOVIES,2023-03-07 14:59:34.170520
False,4,2022,1600,106,173.59,SO THAT'S WHAT THEY LOOKED LIKE,2023-03-07 15:03:54.003662
False,2,1997,400,92,11.0,CAREER DAY,2023-03-07 15:53:05.908244
True,2,2003,800,178,4153.11,SCIENCE & TECHNOLOGY,2023-03-07 18:02:23.919022
True,4,2003,800,31,149.98,COMPLETES THE PROVERB,2023-03-07 18:59:09.944784
False,2,1989,400,85,8478.34,BOTTOMS UP,2023-03-07 21:21:17.120176
False,1,2010,200,52,286.98,"DOUBLE ""E""",2023-03-07 21:34:38.970583
False,5,2015,1000,77,24513.13,TECH COMPANY NAMES,2023-03-08 06:46:40.760538
True,1,2022,200,103,11.09,IS HISTORY,2023-03-08 06:46:57.963393
True,5,2018,2000,115,12.09,DESERT WILDLIFE,2023-03-08 06:50:15.511339
False,3,2006,600,22,9.07,"KIRSTEN, REESE OR SCARLETT",2023-03-08 06:50:35.231393
False,3,1998,600,87,10.02,LITERARY EPICS,2023-03-08 06:51:20.984099
False,2,2005,800,88,129.38,LET'S LEARN SCOTTISH GAELIC,2023-03-08 06:53:36.042331
False,3,2015,600,86,17.39,TRIOS,2023-03-08 06:53:57.823827
False,2,2017,800,79,11.48,IN COMMUNICADO,2023-03-08 06:54:14.851588
False,1,2001,400,106,10.09,THE RAT PACK,2023-03-08 06:54:30.069987
True,2,1992,800,101,7.84,GREEK MYTHOLOGY,2023-03-08 06:54:42.025269
False,5,2002,1000,95,13.45,...OR WITHOUT 'EM,2023-03-08 06:55:00.908564
False,3,2009,600,104,16.02,GRANDMA,2023-03-08 07:45:53.139542
False,4,2011,1600,77,29.71,"""B""OOKS",2023-03-08 07:48:29.607007
False,4,1991,800,88,16.53,POT LUCK,2023-03-08 07:48:49.422555
False,1,2021,400,30,9.61,THE FIRST NAME THEIR MOM CHOSE,2023-03-08 07:49:03.597190
True,5,2008,1000,10,31.27,YOU NEED SOME BACKUP,2023-03-08 07:49:39.336890
True,4,2007,1600,63,51.07,10-LETTER WORDS,2023-03-08 07:50:40.769974
False,2,1992,800,52,32.96,SAINTS,2023-03-08 07:51:51.093118
False,1,2014,400,121,17.11,PREMIUM CABLE,2023-03-08 07:52:17.827202
True,2,2015,800,112,9.62,THE BLUE & THE GRAY,2023-03-08 07:53:32.525561
False,1,2004,400,101,35.55,MAX-IMUM OVERDRIVE,2023-03-08 07:54:48.046366
False,3,1999,600,96,13.61,"FADE TO ""BLACK""",2023-03-08 07:55:05.270108
True,2,2011,800,102,9.03,MUSICAL GALS,2023-03-08 07:55:36.702237
False,5,2022,2000,48,19.78,AN ANATOMY OF WORDS,2023-03-08 08:04:24.261481
False,3,2021,1200,124,13.06,EPIDEMIOLOGY,2023-03-08 08:04:47.082370
False,3,1985,1200,53,80.72,14-LETTER WORDS,2023-03-08 08:30:49.097280
False,4,2008,1600,100,32.78,TIMELINE 1600S,2023-03-08 08:31:28.431132
False,4,2002,800,107,33.85,OSCAR ODDITIES,2023-03-08 08:32:08.436435
False,5,2004,2000,48,24.81,NOVEL ENDINGS,2023-03-08 08:32:37.823394
False,5,2013,1000,65,15.8,GOD SAID UNTO THEE...,2023-03-08 08:32:59.455159
False,4,2012,1600,88,16.46,JOHN STEINBECK,2023-03-08 08:33:19.883013
True,1,2013,200,111,8.57,"THE GAME'S A ""FOOT""",2023-03-08 08:33:34.117819
True,1,2013,200,111,8.77,"THE GAME'S A ""FOOT""",2023-03-08 08:33:35.119489
True,2,2002,800,26,23.83,CAPITAL PUNISHMENT,2023-03-08 08:36:23.805245
True,2,2018,800,58,12.78,"WORDS WITH A ""WAY""",2023-03-08 08:36:56.490946
False,1,1996,200,82,63.72,U.S. HISTORY,2023-03-08 08:38:09.246451
True,1,2014,200,40,25.82,HERE'S THE FIRST LETTER,2023-03-08 08:40:49.471238
False,1,2017,200,36,16.25,BEASTLY VERBS,2023-03-08 08:41:18.727384
True,3,1984,600,30,5.0,NUMBER PLEASE,2023-03-08 14:12:58.088592
True,1,1998,400,54,5.34,WORLD FLAGS,2023-03-08 14:13:06.972498
True,1,2019,400,20,7.16,RHYME TIME,2023-03-08 14:13:17.184803
False,1,2005,400,37,11.98,THE MOORE THE MERRIER,2023-03-08 14:13:31.744103
False,5,2000,2000,96,28.47,17th CENTURY SCIENCE,2023-03-08 14:14:15.288727
False,2,2005,800,117,19.66,HAVE YOU HERD?,2023-03-08 14:14:39.142162
False,5,2016,2000,101,11.4,LITERARY DEMISES,2023-03-08 14:14:53.431265
False,4,1988,800,8,15.3,MOVIE TITLE ROLES,2023-03-08 14:15:12.434736
True,4,1999,800,70,8.61,WHAT'S IN A NAME?,2023-03-08 14:15:26.368940
True,2,2001,800,107,5.2,PENGUINS,2023-03-08 14:15:34.634308
True,4,2008,800,80,49.98,DOUBLE-LETTER GEOGRAPHY,2023-03-08 14:16:29.418384
False,1,1992,200,80,14.84,STAR TREK: TNG,2023-03-08 14:16:47.767868
False,4,2019,800,101,21.27,IN PERPETUITY,2023-03-08 14:17:12.729141
True,5,2008,1000,109,20.92,JOIN THE CLUB,2023-03-08 14:17:36.920946
False,1,2004,200,29,10.27,COUNTRY SINGERS' NO. 1 HITS,2023-03-08 14:17:51.138142
False,2,2014,400,56,7.62,"BEFORE, DURING OR AFTER",2023-03-08 14:18:03.779311
False,5,1990,1000,97,19.37,LABOR,2023-03-08 14:18:35.331152
False,4,2007,1600,43,29.69,STATES FREAK,2023-03-08 14:19:16.151076
True,4,2019,1600,106,187.55,SHAKE HANDS WITH SHAKESPEARE,2023-03-08 14:29:49.580639
True,3,2012,600,80,50.05,LOOK AT ME,2023-03-08 14:30:53.399943
True,1,2013,400,30,5.44,TV SHOWS BY CHARACTERS,2023-03-08 14:31:07.684340
True,1,2013,400,30,5.7,TV SHOWS BY CHARACTERS,2023-03-08 14:31:08.551625
False,5,1995,2000,98,34.81,U.S. PRESIDENTS,2023-03-08 14:32:22.038724
True,5,2003,2000,58,5.49,POTIONS,2023-03-08 14:32:31.350534
True,1,2002,400,77,24.1,MISNOMERS,2023-03-08 14:33:22.352778
True,4,1992,800,65,3.84,COOKING,2023-03-08 14:33:31.574555
True,5,2019,2000,90,26.1,THE MADDEN CROWD,2023-03-08 14:34:00.933211
False,5,2011,1000,118,12.1,IT'S REIGNING MEN,2023-03-08 14:35:47.702880
False,4,1988,800,87,6.58,SPORTS,2023-03-08 14:35:57.071454
True,3,2019,1200,121,6.7,BACKPACKING,2023-03-08 14:36:07.186615
False,2,1998,800,71,19.16,BUSINESS & INDUSTRY,2023-03-08 14:48:41.693399
False,3,2003,600,73,36.51,LEGAL IDENTITIES,2023-03-08 14:49:20.939598
False,2,1987,800,100,20.03,BALLET,2023-03-08 14:49:47.318520
True,3,2018,1200,117,52.28,1940s AMERICA,2023-03-08 14:50:47.958202
True,1,1990,200,95,11.12,DESSERTS,2023-03-08 14:52:49.688427
True,2,2009,800,78,9.11,HULL OF FAME,2023-03-08 14:53:08.621016
False,2,2009,800,83,90.35,BATTLE DESCRIPTIONS,2023-03-08 14:55:11.926376
False,5,1988,1000,112,7.66,SPORTS,2023-03-09 07:20:01.071385
True,4,2009,1600,55,8.79,BUSINESS & INDUSTRY,2023-03-09 07:20:12.942649
False,5,1994,1000,102,10.68,THE OLD WEST,2023-03-09 07:26:27.061467
True,2,2011,400,77,7.27,FUN WITH ELEMENTS,2023-03-09 07:26:38.496137
False,5,2017,2000,195,486.48,"""X"" NOUNS",2023-03-09 07:34:55.841661
True,5,2013,1000,99,32.15,COATS OF ARMS,2023-03-09 07:35:34.369873
False,2,2005,400,106,26.57,ATTILA THE HUN,2023-03-09 07:36:07.086162
False,4,1999,1600,97,8.87,"""T""HEATER",2023-03-09 07:36:20.828820
False,5,2009,2000,73,18.88,"WHAT'S OPERA, DOC?",2023-03-09 07:36:46.134903
False,1,2007,200,76,23.78,FUN STUFF,2023-03-09 07:37:13.469093
True,4,2014,800,92,31.44,THE STEAKS,2023-03-09 07:38:30.023423
False,3,2014,1200,49,16.03,THE 6 WIVES OF HENRY VIII,2023-03-09 07:38:52.037207
True,4,1992,800,80,12.79,DANCE,2023-03-09 07:39:09.493846
False,3,2012,1200,64,36.43,IT'S A NOUN!  IT'S A VERB!,2023-03-09 07:39:50.927008
True,1,2002,400,98,19.14,KANGAROOS IN LITERATURE,2023-03-09 07:40:14.923652
True,3,1994,1200,115,26.15,TRANSPORTATION,2023-03-09 07:40:47.159594
False,2,1999,800,87,19.93,OH MAYAN GODS!,2023-03-09 07:41:21.132074
True,1,2013,400,46,5.6,"""MERRY""",2023-03-09 07:41:31.023076
False,4,2011,800,98,667.4,TIME FOR A CHANGE,2023-03-09 08:00:23.129690
True,1,2009,400,84,7.87,PRECIOUS SENTIMENTS,2023-03-09 08:00:36.423310
False,2,2017,800,50,10.64,GROUPS,2023-03-09 08:00:50.855232
False,4,2020,800,124,31.53,GROUPS IN THE BIBLE,2023-03-09 08:01:28.343912
False,5,1994,2000,89,24.4,RECENT FICTION,2023-03-09 08:01:58.279561
True,1,2000,400,89,17.92,AROUND THE WORLD,2023-03-09 08:02:19.770250
False,3,2004,600,85,91.16,RELIGIOUS HOMOPHONES,2023-03-09 08:04:43.387625
False,5,2020,2000,90,28.88,SOUTH AMERICAN PLACES,2023-03-09 08:05:18.192652
False,3,2003,1200,85,141.01,"""POT"" LUCK",2023-03-09 08:07:44.131701
True,4,1999,800,22,55.92,SPEAKING IN TONGUES,2023-03-09 08:08:46.111188
False,4,2012,800,75,12.98,APPLE PIE,2023-03-09 08:09:04.533796
False,5,2003,2000,97,14.56,SHOW ME THE WAY,2023-03-09 08:09:22.938403
False,2,1998,400,52,23.2,WOMEN IN POWER,2023-03-09 08:09:50.077240
True,1,1987,400,103,22.19,THE OLYMPICS,2023-03-09 08:10:39.673363
True,4,2013,800,90,7.47,THE BIBLE,2023-03-09 08:10:53.187673
False,4,1997,800,78,17.01,ANIMALS,2023-03-09 08:11:21.148553
True,2,2019,800,61,11.82,GEOGRAPHIC TRIOS,2023-03-09 08:20:16.997067
False,2,2002,800,91,49.01,LET'S VISIT BELIZE,2023-03-09 08:21:20.054518
True,4,2010,1600,7,13.28,ELEMENTAL LATIN,2023-03-09 08:21:39.793728
True,3,1999,1200,87,4.99,COMPUTERS,2023-03-09 08:41:32.002225
True,4,1994,800,52,5.84,"FILE UNDER ""N""",2023-03-09 08:41:42.977947
False,3,2012,600,32,16.32,MOVIE MISSING LINKS,2023-03-09 08:42:03.213948
True,3,2016,1200,120,20.31,SHE'S A REAL SAINT!,2023-03-09 08:42:27.257027
True,5,1987,2000,80,7.43,RELIGION,2023-03-09 08:47:35.058371
False,4,2008,1600,95,12.31,NOMINATIVE DETERMINISM,2023-03-09 08:47:51.558366
False,5,2011,1000,54,9.03,SITCOM BY CHARACTERS,2023-03-09 08:48:05.137686
False,3,2021,600,30,20.85,THE MEASURE OF A FILM,2023-03-09 08:48:41.063398
True,4,2011,1600,14,16.89,HERE LIES...,2023-03-09 08:49:02.464995
False,4,2009,800,91,61.42,2 NUMBERS PLEASE,2023-03-09 08:51:12.059873
True,1,1989,400,98,14.13,HAUTE CUISINE,2023-03-09 09:33:55.291971
True,5,1993,2000,85,215.27,MYTHOLOGY,2023-03-09 09:39:06.563292
True,2,2009,800,93,966.87,CANDY IS DANDY,2023-03-09 10:45:13.980735
True,2,2006,400,76,7.06,MADE YA LOOK--UP!,2023-03-09 10:58:18.406564
False,3,2001,600,93,7.34,COLLEGE WORLD,2023-03-09 10:58:35.392719
False,1,2022,200,61,38.95,CHECK OUT MY RIDE!,2023-03-09 10:59:19.452939
False,3,2018,600,83,310.61,CYBER MONDAY,2023-03-09 12:46:48.661933
False,5,2010,2000,74,13.87,RED SOX IT TO ME,2023-03-09 12:47:08.890282
False,5,2016,2000,80,9.21,BLENDED WORDS,2023-03-09 12:47:22.104609
False,5,2003,1000,35,12.63,HAVE A BEER!,2023-03-09 12:47:40.430662
False,3,2008,1200,95,15.67,LET'S GO CRUISING,2023-03-09 12:47:59.197351
False,5,1999,1000,17,6.26,ACTRESSES' MIDDLE NAMES,2023-03-09 12:48:10.429598
False,3,1994,1200,87,10.89,POTPOURRI,2023-03-09 12:48:24.611639
True,2,2016,800,79,329.51,"""J""EOGRAPHY",2023-03-09 12:53:58.292778
False,3,1993,1200,84,8.15,POETRY,2023-03-09 12:54:24.084676
False,5,1999,1000,17,20.19,NAME THE MUSICAL,2023-03-09 12:54:48.204879
False,3,1990,1200,101,16.89,EASTERN EUROPE,2023-03-09 12:55:08.897412
False,3,2011,600,118,14.3,CELEBRITIES & RACING,2023-03-09 12:55:40.940695
False,2,2005,800,104,13.63,"HENRY IV, PART 2",2023-03-09 12:56:01.981247
False,3,2008,600,20,6.71,MOVIE ADJECTIVES,2023-03-09 12:56:17.370201
True,1,1987,200,87,25.53,1-WORD SONGS,2023-03-09 12:56:46.813516
True,4,2009,800,37,8.91,NAME THAT MAMMAL,2023-03-09 12:57:09.665612
True,3,2010,600,93,24.61,FADS,2023-03-09 12:57:51.818196
False,3,2002,1200,108,11.25,WATCH THE BIRDIE,2023-03-09 12:58:19.522450
True,2,2008,800,100,17.79,THE GRAPES OF WRATH,2023-03-09 12:58:48.680048
True,5,2018,1000,57,36.28,THE CENSUS ASKS,2023-03-09 13:33:36.113729
False,1,2011,200,63,8.55,WAR,2023-03-09 13:49:40.133401
False,5,1999,1000,53,34.39,"""HEAD"" LINES",2023-03-09 13:50:18.498481
False,2,2012,400,60,11.84,AT THE VEGAS HOTEL,2023-03-09 13:50:36.594922
False,4,1996,1600,96,6.07,SCIENCE,2023-03-09 13:50:46.671180
True,1,1990,400,83,13.57,FOOD,2023-03-09 13:51:03.898749
False,3,2018,600,90,20.56,U.S. FORESTS,2023-03-09 13:51:30.402256
False,5,2021,2000,47,10.37,PICK UP THE HOMOPHONE,2023-03-09 13:51:47.575611
True,1,1995,200,84,7.47,MOVIES,2023-03-09 13:52:00.447763
True,4,2011,800,116,24.21,YOU'VE GONE BANKRUPT,2023-03-09 13:54:44.264028
False,1,2015,400,64,36.48,COUNTRY MEN,2023-03-09 14:06:04.512374
True,2,2010,400,89,20.12,THE AUTO MAN EMPIRE,2023-03-09 14:06:29.322320
True,1,2022,200,125,27.18,POTPOURRI,2023-03-09 14:07:02.558104
False,4,1990,800,87,193.97,KIDDIE LIT,2023-03-09 14:11:46.787784
False,3,1991,1200,88,97.88,CATS,2023-03-09 22:04:36.594334
False,4,2013,1600,92,309.34,NEPO-TV-ISM,2023-03-09 22:09:54.136975
False,3,1996,600,82,29.46,BIBLICAL WORDS & PHRASES,2023-03-09 22:24:25.160155
False,1,1994,200,64,19.39,ODDS & ENDS,2023-03-09 22:24:59.427795
False,1,2016,200,82,34.09,ORGANIZATIONS,2023-03-09 22:25:39.513766
True,2,2020,400,57,102.54,AUTOMAKER FOR THE PEOPLE,2023-03-09 22:27:30.516237
True,1,2004,200,92,129.64,DID WE PLANET THAT WAY?,2023-03-09 22:29:58.142290
False,4,2002,800,77,48.64,FOOTBALL,2023-03-09 23:05:21.128325
True,4,1997,1600,7,10.48,STATE FAIR SITES,2023-03-09 23:05:56.414934
False,3,1989,600,81,18.94,BRITISH ROYALTY,2023-03-09 23:06:23.229210
True,4,2012,800,65,111.08,GOIN' COUNTRY,2023-03-09 23:08:20.495602
False,5,2004,2000,86,17.29,PLANTS & FLOWERS,2023-03-09 23:08:53.458727
True,1,2018,400,96,13.28,CORPS CURRICULUM,2023-03-09 23:09:10.109115
False,3,1994,1200,75,27.77,1983,2023-03-09 23:10:03.611159
False,3,1986,1200,95,22.06,JOURNALISM,2023-03-09 23:10:29.844693
True,2,2000,400,73,11.83,SPORTS RULES,2023-03-09 23:10:47.331971
False,5,2003,1000,96,13.55,WOMEN IN MUSIC,2023-03-09 23:11:20.997458
False,5,2010,1000,79,21.41,REMEMBER APRIL,2023-03-09 23:11:47.172242
False,4,2021,800,108,37.76,STATE CAPITALS,2023-03-09 23:12:30.470864
False,2,2008,400,14,11.94,CHEESY COUNTRIES,2023-03-09 23:12:47.869767
False,5,2020,2000,82,45.4,"""Mc""PEOPLE",2023-03-09 23:13:37.583995
True,1,2016,400,68,11.78,2-WORD BUSINESS TERMS,2023-03-09 23:13:52.696442
True,4,2008,1600,93,17.5,JAPANESE CUISINE,2023-03-09 23:14:18.297834
False,5,2002,1000,85,38.42,LATIN AMERICAN HISTORY,2023-03-09 23:15:52.764239
False,1,2005,400,76,26054.54,AFRICAN CUISINE,2023-03-10 07:42:51.295726
False,3,2011,600,88,14.03,THE NOBEL PEACE PRIZE,2023-03-10 07:43:11.079652
True,1,1991,400,58,20.02,THE HUMAN BODY,2023-03-10 07:43:35.907607
False,4,2018,800,92,15.98,SWEET SOMETHINGS,2023-03-10 07:44:02.693290
False,4,1995,1600,91,47.96,DELAWARE,2023-03-10 07:44:55.850153
False,4,1988,800,106,1817.62,PEOPLE,2023-03-10 08:15:17.945743
False,5,2020,1000,122,24.43,"NAME, RANK, NO SERIAL NUMBER",2023-03-10 08:26:09.679010
False,4,1999,800,52,13.22,CHICKEN,2023-03-10 09:02:48.987302
True,1,1997,400,105,11.56,STARS ON THE MAP,2023-03-10 09:03:05.611435
True,1,2010,200,39,9.68,IS THIS PLACE FOR REAL?,2023-03-10 09:39:23.688386
False,3,1992,600,92,4.14,SPORTS,2023-03-10 10:00:31.862615
False,3,2021,600,77,6.86,"THE ICKIEST OF THE ""ICKY""",2023-03-10 10:00:42.378339
False,4,2017,1600,71,243.23,NONSENSE & STUFF,2023-03-10 10:08:19.950420
False,5,1993,1000,96,33.36,1960s BROADWAY,2023-03-10 10:09:02.502296
True,2,2002,400,101,33.86,IN THE DICTIONARY,2023-03-10 10:09:42.471002
False,1,2001,400,91,18.68,FILL 'ER UP?,2023-03-10 11:30:41.338654
True,5,1999,1000,47,221.96,"""IQ"" TEST",2023-03-10 11:34:29.001511
False,1,1987,200,89,22.04,WORDS OF THE '80s,2023-03-10 11:35:30.970159
True,1,2014,200,75,15.33,ON THE MAP,2023-03-10 11:35:54.875917
False,5,2012,2000,107,23.41,THE ADMIRALS CLUB,2023-03-10 11:36:37.441163
False,4,2001,1600,24,23.82,"CROSSWORD CLUES 2nd LETTER ""U""",2023-03-10 11:37:07.219065
True,3,1993,600,64,24.78,6,2023-03-10 11:37:40.511479
True,5,2001,1000,85,18.62,THE COMEDY STYLINGS OF...,2023-03-10 11:38:05.398008
False,4,2014,1600,52,23.6,"""AT"" FIRST",2023-03-10 11:38:37.000339
True,4,2013,1600,70,34.61,HEAVENLY LANGUAGE,2023-03-10 11:39:17.670301
True,5,1999,1000,90,44.47,MOVIE QUOTES,2023-03-10 11:40:15.243197
False,3,2015,1200,98,60.22,OLYMPIC DEMON-STRATION SPORTS,2023-03-10 11:43:46.034408
False,5,2000,1000,103,399.77,KILLERS,2023-03-10 11:50:36.032041
True,3,2015,600,74,7.34,EPONYMS,2023-03-10 12:40:12.447907
False,5,2011,1000,74,23.0,SOCIAL SCIENCE,2023-03-10 12:40:43.180231
False,4,2001,1600,101,10.4,AUTHORS,2023-03-10 12:40:57.307746
False,2,2001,800,76,15.18,THAT ZANY SCREWBALL COMEDY,2023-03-10 12:41:16.669912
True,2,1988,400,80,5.5,MAMMALS,2023-03-10 12:41:26.875289
False,4,2014,800,65,8.44,ALSO AN ASTEROID,2023-03-10 12:41:40.933899
False,1,2021,400,87,11.11,CHINESE THEATRE HAND & FOOTPRINTS,2023-03-10 14:28:57.033724
True,3,2006,600,53,12.19,HE WAS PRESIDENT WHEN...,2023-03-10 14:29:13.046078
False,2,2019,800,87,24.5,A BUNCH OF HOOEY!,2023-03-10 14:29:44.350191
True,5,1991,2000,89,5.45,MARINE BIOLOGY,2023-03-10 14:30:03.096460
True,1,1996,400,54,10.25,PASTRY,2023-03-10 18:37:12.487727
True,1,2021,200,106,36.08,GEOGRAPHY,2023-03-10 18:37:54.703599
True,2,2005,400,119,10.99,LIKE A ROLLING STONE,2023-03-10 18:38:11.637082
False,5,2006,1000,91,141.63,GUNS,2023-03-10 18:40:42.037668
False,4,1987,800,49,61.64,THE 4TH OF JULY,2023-03-10 18:42:01.899406
False,5,2005,1000,78,45.38,THE ACC,2023-03-10 18:43:07.990140
False,3,1997,1200,84,13.62,DIRECTORS & THEIR FILMS,2023-03-10 18:43:40.047392
True,3,1988,600,79,7.26,FOOD,2023-03-10 18:43:53.608562
False,5,1987,2000,88,15.6,SECRETARIES OF STATE,2023-03-11 08:45:09.059136
False,2,2021,800,122,22.22,F IS FOR FAMILY,2023-03-11 08:45:37.127682
False,4,1988,1600,49,4.1,THE CIA,2023-03-11 08:45:45.092176
False,4,2016,1600,67,17.69,HISTORIC AGREEMENT WORDS,2023-03-11 08:46:06.179050
False,4,1996,800,76,7.98,BUSINESS & INDUSTRY,2023-03-11 08:46:24.841199
False,3,2007,1200,77,10.9,FICTIONAL FEMALES,2023-03-11 08:46:41.813609
False,5,2001,2000,113,13.72,HISTORICAL NOVELS,2023-03-11 08:46:59.262715
False,3,2010,600,71,22.96,MY NAME IS GEORGE,2023-03-11 08:47:26.097429
True,3,2006,600,91,24.35,WORD ORIGINS,2023-03-11 08:47:55.527505
False,1,1989,200,91,11.04,LITERATURE,2023-03-11 08:48:18.332077
False,4,2010,1600,68,81.04,EASTERN STANDARD RHYME TIME,2023-03-11 08:49:43.422232
False,5,2016,1000,82,8.82,WHAT CAN YOU BUY FOR A BUCK?,2023-03-11 08:51:10.197086
False,5,2003,2000,56,8.4,FROM THE U.S. CITIZENSHIP TEST,2023-03-11 08:51:21.675778
False,4,2019,1600,103,11.1,INTERNATIONAL HOLIDAYS,2023-03-11 08:51:39.538587
True,2,1993,800,87,23.45,ARTISTS,2023-03-11 08:52:08.628980
False,3,2004,1200,7,8.04,BODY PARTS BY PRODUCTS,2023-03-11 08:52:25.520872
True,1,2021,200,89,4.48,DESCRIBING THE ADJECTIVE,2023-03-11 08:52:34.962011
False,2,2006,800,117,38.05,QUID PRO QUO-POURRI,2023-03-11 08:53:17.079519
False,3,2008,1200,109,14.31,AT THE DRUGSTORE,2023-03-11 08:53:36.953931
False,4,2015,800,54,18.64,RIVER BANK ON IT,2023-03-11 08:53:59.736005
False,1,1988,400,81,8.09,CELEBRITY RELATIVES,2023-03-11 08:54:13.946887
False,4,1997,1600,57,6.96,LANGUAGES,2023-03-11 08:54:24.149087
True,1,1997,200,100,11.2,HOUSEPLANTS,2023-03-11 08:54:43.670558
False,5,2002,1000,39,10.14,"YES SIR, THAT'S MY BAY",2023-03-11 08:54:57.455330
True,1,2005,200,105,74.12,LIKE A ROLLING STONE,2023-03-11 08:56:32.297391
False,5,2007,2000,103,14.55,EXPLORATION,2023-03-12 11:14:32.067407
True,1,2020,400,86,14.78,POEMS' SECOND LINES,2023-03-12 11:14:51.869308
True,5,2004,1000,24,6.21,"LONI, DONNY OR YANNI",2023-03-12 11:15:06.990396
False,3,2022,600,98,6.69,BIG ____,2023-03-12 11:15:23.466070
True,3,1990,600,78,8.94,BODIES OF WATER,2023-03-12 11:15:36.908797
False,2,1987,400,37,6.45,COMMON BONDS,2023-03-12 11:15:50.836712
False,5,1995,1000,76,26.36,HISTORY,2023-03-12 11:16:21.889863
True,3,2020,600,87,7.73,"""ROCK"" &/OR ""ROLL"" SONGS",2023-03-12 11:16:33.378767
True,1,1999,200,27,4.65,"""ITCH""Y",2023-03-12 11:16:43.273577
True,3,2018,600,102,12.41,FIRST LINES FROM NOVELS,2023-03-12 11:17:00.530496
False,4,2006,1600,93,5.78,GOLDEN RULER,2023-03-12 11:17:12.197016
False,4,2018,1600,86,10.22,NEW TO THE OED,2023-03-12 11:17:25.709274
False,4,1997,800,61,5.73,ACTOR-DIRECTORS,2023-03-12 11:17:35.593331
False,2,1998,400,110,22.15,FIRST LADIES,2023-03-12 11:18:01.346886
False,1,2001,400,28,7.12,TITLE LOVERS,2023-03-12 11:18:14.524715
True,2,2013,400,59,33.74,GENESIS,2023-03-12 11:18:53.299011
False,4,2006,800,111,14.85,ESQUIRE'S DUBIOUS ACHIEVEMENTS 2005,2023-03-12 11:19:32.245762
False,5,2001,1000,108,10.72,ANCIENT EGYPTIANS,2023-03-12 18:37:45.475399
True,5,2003,1000,96,8.97,SAY IT IN...,2023-03-12 18:37:57.356819
False,1,2010,400,82,10.78,LITERARY CHARACTERS,2023-03-12 18:38:13.435180
False,1,1998,400,81,13.1,MOVIE GEOGRAPHY,2023-03-12 18:38:31.670569
False,4,2008,1600,85,17.46,FISH MARKET,2023-03-12 18:38:54.353638
False,5,2006,1000,61,14.15,JACKASS--THE CATEGORY,2023-03-12 18:39:25.101229
False,2,2003,800,80,12.34,THIS PLACE IS A ZOO!,2023-03-12 18:39:41.369044
False,1,2012,400,110,11.35,BRITISH KINGS NAMED EDWARD,2023-03-12 18:39:57.851647
False,1,2009,200,79,4.48,POPCORN COLONELS,2023-03-12 19:54:00.198045
False,4,2012,800,74,18.31,ONOMATOPOETIC WORDS,2023-03-12 19:54:20.974082
False,3,2018,1200,99,14.89,ADVERBS,2023-03-12 19:54:39.771799
False,1,2008,400,165,18.94,THROWDOWN WITH BOBBY FLAY,2023-03-12 19:55:02.488856
True,1,2015,400,70,19.14,WARSAW PACT ALUMNI NATIONS,2023-03-12 19:55:26.225292
False,1,2011,400,78,14.12,THE MOUNTAIN WEST,2023-03-12 19:55:46.819931
False,5,2007,2000,42,37.15,THE MEDITERRANEAN ISLE WHERE...,2023-03-12 19:56:27.425520
False,5,2018,1000,100,44271.91,"""M"" & EMMYS",2023-03-13 08:14:23.905075
True,5,2018,1000,91,58.06,STATE SEALS,2023-03-13 08:42:00.438955
False,1,1994,400,96,21.89,BRITISH ROYALTY,2023-03-13 08:42:40.123071
False,1,2011,400,91,42.53,SUMMER READING?,2023-03-13 08:43:27.809847
True,3,2017,1200,111,8.47,WHOSE LINE IS IT ANYWAY?,2023-03-13 09:35:33.127633
True,5,1997,2000,88,13.9,MEDICAL SPECIALTIES,2023-03-13 09:35:52.380578
False,5,1992,2000,79,38.55,AMERICAN HISTORY,2023-03-13 09:36:47.270145
False,3,2006,1200,58,21.77,ALPHABETICALLY FIRST,2023-03-13 09:37:16.078200
True,1,2000,400,52,6.49,"""IC"" !!!",2023-03-13 09:37:28.141364
False,1,2008,400,106,25.52,"""EX""TRA!",2023-03-13 10:47:38.190498
False,1,2010,400,71,13.31,CABLE DRAMAS,2023-03-13 10:47:57.113469
False,3,2010,1200,226,15.06,I LEARNED IT IN BALLET CLASS,2023-03-13 10:48:17.922069
False,5,2012,2000,59,26.02,THE BAND IS REALLY COOKING,2023-03-13 10:48:49.227147
True,1,2021,400,100,200.3,BRITISH HISTORY,2023-03-13 10:59:21.429544
True,1,2004,200,85,25.65,1804,2023-03-13 11:00:28.379547
True,5,2008,2000,89,11.29,"UH-OH, OPERA",2023-03-13 11:00:47.316692
False,1,2006,400,78,48.51,MY NAME IS ALFRED,2023-03-13 11:01:45.363383
False,4,2010,800,72,32.78,TOBACCO,2023-03-13 11:05:30.486615
False,5,1984,2000,69,15.58,SPORTS TRIVIA,2023-03-13 11:05:51.043339
False,3,2023,600,15,22.65,THE PRESIDENT IMMEDIATELY BEFORE...,2023-03-13 11:06:17.992736
False,5,2005,2000,13,12.93,SEASONAL MOVIES,2023-03-13 11:06:34.789895
False,3,1985,600,35,19.63,FAMOUS SHEPHERDS,2023-03-13 11:07:08.627538
False,2,1992,800,107,26.17,CLASSICAL MUSIC,2023-03-13 11:07:38.547684
False,2,1989,400,71,15.09,SCIENCE,2023-03-13 11:07:58.200046
False,3,2007,1200,93,21.49,GOING HORSE,2023-03-13 11:08:25.839940
True,2,1990,400,84,6.27,BIOLOGY,2023-03-13 11:08:49.825356
False,5,2021,1000,75,82.41,8-LETTER WORDS,2023-03-13 11:10:18.965551
True,1,2003,200,94,15.28,CLASSIC COMIC STRIPS,2023-03-13 11:10:40.392861
False,3,1986,1200,77,45.3,TWINKIES,2023-03-13 11:11:37.949106
True,4,2019,800,73,12.18,HEALTH & MEDICINE,2023-03-13 11:11:55.533019
True,4,2019,1600,130,16.59,JOURNALISTS,2023-03-13 11:12:20.634326
True,2,2022,400,129,7.96,MY PERSONAL QUOTATION DEVICE,2023-03-13 11:12:45.701038
True,2,2002,800,95,24.51,"""OUT""",2023-03-13 11:13:16.252595
False,1,2012,200,115,12.89,MEN,2023-03-13 11:13:37.577804
False,5,1998,1000,58,9.79,JINGLES ALL THE WAY,2023-03-13 11:13:51.560310
False,1,2001,400,39,21.01,BIRTH OF A PRESIDENT,2023-03-13 11:14:18.036023
True,5,2012,2000,75,53.04,CRIME,2023-03-13 11:15:15.333994
False,4,2000,1600,89,22.16,DANTE & FRIENDS,2023-03-13 11:15:52.116544
False,2,2002,400,61,9.16,THE ME DECADE,2023-03-13 11:16:10.337610
True,2,1994,400,92,48.13,FLAGS,2023-03-13 11:17:03.689852
False,3,1984,1200,83,19.05,CONQUERORS,2023-03-13 11:18:54.457935
False,3,2005,600,106,41.19,CASH,2023-03-13 11:19:39.469991
True,1,2018,200,128,22.57,"SAN CITY, CALIFORNIA",2023-03-13 11:20:05.957031
False,5,2010,1000,91,38.41,SIGN OF THE FOUR,2023-03-13 11:20:55.738342
False,5,2003,2000,114,62.57,COMMUNICATIONS,2023-03-13 11:22:14.801787
False,5,2005,2000,117,20.26,FORBES' TOP EXECUTIVE SALARIES,2023-03-13 11:23:05.183450
True,2,2012,800,108,11.74,AROUND THE WORLD,2023-03-13 11:23:21.194248
False,5,2005,2000,73,42.72,THE WORLD OF NAT KING COLE,2023-03-13 11:24:14.000870
False,5,2004,2000,123,22.83,HOLY TOLEDO,2023-03-13 11:24:42.449040
True,1,2014,200,99,31.94,BORDERING MISSOURI,2023-03-13 11:25:20.282962
True,3,2014,600,79,11.76,LANDMARKS,2023-03-13 11:25:55.832477
False,4,1985,800,66,27.78,MOVIE TRIVIA,2023-03-13 11:26:47.014053
False,2,2018,400,39,30.42,I NEED YOU TO KEEP ME WARM,2023-03-13 11:27:23.463276
True,5,2016,2000,102,19.92,EARLY 21st CENTURY CINEMA,2023-03-13 11:27:48.589199
True,4,1998,1600,82,27.31,THE AUTOBIOGRAPHY OF BEN FRANKLIN,2023-03-13 11:28:26.861439
True,4,2006,800,101,21.47,HAPPY HALLOWEEN,2023-03-13 11:28:58.093159
False,5,2002,1000,107,35.59,LITERARY TITLE CHARACTERS,2023-03-13 11:29:44.267624
True,1,1999,200,49,6.96,FINISH THE LINE,2023-03-13 11:29:59.679111
False,5,1996,2000,86,31.97,U.S. PLACE NAMES,2023-03-13 13:03:24.648915
False,3,1990,1200,82,38.06,EARLY AMERICA,2023-03-13 13:04:10.894072
False,4,2009,800,263,25.24,WOODSTOCK,2023-03-13 13:04:42.071506
False,5,2012,1000,105,23.98,SOUTHPAWS,2023-03-13 13:05:10.849266
False,5,1991,2000,73,43.08,STATE CAPITALS,2023-03-13 13:05:58.016390
False,4,2008,1600,77,22.83,WHATCHA EATIN'?,2023-03-13 13:06:33.410483
True,1,2007,200,91,21.29,FAMILY MATTERS,2023-03-13 13:07:02.517851
True,2,1990,800,83,13.71,7-LETTER WORDS,2023-03-13 13:07:22.909489
False,3,2022,1200,129,45.89,HISTORICAL FICTION,2023-03-13 13:08:14.616713
True,5,2012,2000,104,26.43,SIGMOID & THE SEA MONSTERS,2023-03-13 13:08:46.913019
False,5,2011,2000,6,40.52,THEIR ROMAN EQUIVALENTS,2023-03-13 13:09:36.101325
True,3,2016,1200,113,24.8,REVELATION,2023-03-13 13:10:05.524679
False,5,2012,2000,99,29.56,NEW YORK MUSEUMS,2023-03-13 13:10:44.682483
True,5,2012,1000,81,87.41,COMMON COLD,2023-03-13 13:12:17.606962
True,1,2017,400,108,54.22,THE PLAYS OF JEAN RACINE,2023-03-13 13:15:49.870459
True,3,2022,600,237,20.17,DIONNE WARWICK,2023-03-13 13:16:35.437178
True,2,2009,800,101,69.98,A DAY WITH GRANDMA,2023-03-13 13:19:37.020687
False,5,1986,1000,102,112.76,THE 1970s,2023-03-13 13:21:39.335101
False,4,2021,800,96,25.49,MAKES US STRONGER,2023-03-13 13:22:08.665293
True,2,2005,400,76,12.37,PODCAST INCORPORATED,2023-03-13 13:22:26.902745
False,2,2005,400,57,28.9,YOU BEAST!,2023-03-13 13:23:00.302165
True,2,2005,400,78,20.5,NATIONAL CURRENCIES,2023-03-13 13:23:26.442492
False,4,1999,800,86,24.92,BOOKS BY TV NEWSPEOPLE,2023-03-13 13:23:55.613506
False,2,2007,400,94,23.5,ROYALTY,2023-03-13 13:24:23.965181
False,2,2005,400,80,61.04,ORGANIZATIONS,2023-03-13 13:25:27.903480
True,4,1994,1600,34,23.13,STOCK SYMBOLS,2023-03-13 13:25:57.355687
False,5,1995,2000,81,74.98,THE HAPSBURGS,2023-03-13 13:27:18.281767
True,4, 2002,800,62,126.12,TRICKY NUMBERS,2023-03-13 13:29:29.674549
